{
  "pre": {
    "min_distance": 1.6333705400499203,
    "clashes_25": 7,
    "clashes_19": 2,
    "rho": 199
  },
  "post": {
    "min_distance": 2.8127639144639804,
    "clashes_25": 0,
    "clashes_19": 0,
    "rho": 142
  },
  "verdict": "SOVEREIGN_PASS"
}