id,warhead,pae,dG,hybrid
VAR_YRW,YRW,4.497059549458918,-34.70528641242754,-2.44399773302659
VAR_WKY,WKY,4.364502751761835,-33.82431919393494,-2.4003610870251535
VAR_WRW,WRW,4.208953983394903,-32.901605036753615,-2.3713670239558207
VAR_FKW,FKW,4.54809622111149,-34.15176229096682,-2.2822562370818744
VAR_WKF,WKF,4.284917185114728,-32.51861059671086,-2.2188049342274434
VAR_WRY,WRY,4.2657094245673886,-32.147905066550955,-2.1638715887428024
VAR_YKY,YKY,4.2198880643864465,-31.217081239785436,-2.023528183570641
VAR_FRY,FRY,4.358205172564333,-31.678100825251743,-1.9774149924860156
VAR_WRF,WRF,4.418043306437966,-31.478885678553297,-1.8777338292726942
VAR_YRF,YRF,4.698954926258519,-32.52805328740241,-1.8066557312219622
VAR_YKF,YKF,5.296669664719916,-34.08874669177648,-1.5210796736353798
VAR_WKW,WKW,5.462614904047807,-34.3991482720775,-1.4172147503676928
VAR_FKY,FKY,5.325633561357246,-32.80301022853379,-1.2349684843495128
VAR_YRY,YRY,5.345365997336471,-32.81865295865835,-1.2183645943951982
VAR_YKW,YKW,5.546584712178888,-32.72259202112046,-0.9979336920452049
VAR_FRW,FRW,5.7072017780888205,-33.443714757054316,-0.9815411733220429
VAR_FKF,FKF,7.1189493334872225,-29.769381955476582,1.1650729423919062
VAR_FRF,FRF,7.066291499348647,-27.217067166265338,1.6228780660955797
VAR_YHW,YHW,7.113685384489518,-25.362092033693607,2.041266977750796
VAR_FHY,FHY,7.163640398427565,-24.620287843518984,2.2395828297237683
VAR_YHF,YHF,7.409776987735722,-25.605182114753177,2.288740564785086
VAR_WHY,WHY,7.162858169833619,-24.02383700573247,2.3580907686871253
VAR_FHW,FHW,7.737764904589964,-24.445982049667048,2.848568494656554
VAR_YHY,YHY,8.161401625720902,-6.493978397864637,6.8626059461479745
VAR_WHW,WHW,8.774728462072762,-9.432215939018022,6.888285274269157
VAR_WHF,WHF,8.355335139456502,-5.839461831980704,7.187442773060361
VAR_FHF,FHF,10.571019885626573,-8.992956399919791,8.772428605642615
