pdb_id,rmsd,status,start_res
5P21,28.337687563764593,REJECT,Res 93
2RGN,16.2240146862132,REJECT,Res 162
1YZN,23.180061237225807,REJECT,Res 61
1HUR,61.086637202041544,REJECT,Res 26
1UBQ,40.91549986910171,REJECT,Res 44
